"Отметка времени","Ваш пол","Ваш возраст","Вы проживаете в Казахстане?","Считаете ли вы,что изучение иностранных языков это важно(да/нет и почему)?","Вы изучаете иностранные языки?","Какие языки вы бы хотели изучать?","Сколько времение вы бы предпочли уделять на обучение?"
"2025/03/30 9:48:00 PM GMT+5","м","14-19","да","Да, потому что может пригодится в будущей жизни","да","Китайский, испанский, арабский, японский ","5-6 часов в неделю"
"2025/03/31 12:30:49 PM GMT+5","м","14-19","да","Да","да","Англ","3-4 часа в неделю"
"2025/03/31 12:32:47 PM GMT+5","м","14-19","да","Смотря где и как в жизни будет","да","Английский","5-6 часов в неделю"
"2025/03/31 12:33:04 PM GMT+5","ж","14-19","да","да","да","английский, китайский, итальянский ","3-4 часа в неделю"
"2025/03/31 12:33:17 PM GMT+5","м","14-19","да","Да, позволяет расширить кругозор ","да","Испанский","3-4 часа в неделю"
"2025/03/31 12:33:22 PM GMT+5","м","14-19","да","Да","нет","Японский ","1-2 часа в неделю"
"2025/03/31 12:33:33 PM GMT+5","м","14-19","да","да,для людей поступающих за границу или на иностранное обученик","да","английский ","3-4 часа в неделю"
"2025/03/31 12:33:46 PM GMT+5","ж","14-19","да","Да, потому что мир развивается и надо уметь находить общий язык со всеми","да","Английский, китайский ","1-2 часа в неделю"
"2025/03/31 12:44:40 PM GMT+5","м","14-19","да","да, потому что это поможет понимать людей и профессию связанные с языками ","да","Английский ","1-2 часа в неделю"
"2025/03/31 12:45:12 PM GMT+5","м","14-19","да","Да,потому что полезно общаться с другими людьми ","да","Английский ","3-4 часа в неделю"
"2025/03/31 12:45:28 PM GMT+5","м","14-19","да","Да, т.к расширяется кругозор","да","Язык Ситхов ","5-6 часов в неделю"
"2025/03/31 12:55:17 PM GMT+5","ж","14-19","да","Да пригодится в будущем ","да","Иностранный","1-2 часа в неделю"
"2025/03/31 1:29:34 PM GMT+5","ж","14-19","да","да, дает большие возможности для личного роста","да","английский , немецкий , японский","3-4 часа в неделю"
"2025/03/31 2:36:51 PM GMT+5","м","14-19","да","Да, на случай если надо будет бежать в другую страну","да","Немецкий","1-2 часа в неделю"
"2025/04/04 1:20:15 PM GMT+5","м","14-19","да","Да ,потому что он практичен","нет","Английский","5-6 часов в неделю"
"2025/04/04 1:31:59 PM GMT+5","м","14-19","да","Да","да","Французский","5-6 часов в неделю"
"2025/04/04 1:35:24 PM GMT+5","ж","14-19","да","Да, так принято ","да","Финский, французский (если считать что английский уже изучаю)","3-4 часа в неделю"
"2025/04/04 1:44:10 PM GMT+5","м","14-19","да","Да, потому что это нужно, чтобы куда-либо поехать, в другие страны. Ну и, допустим, английский язык часто встречается в нашей жизни.","да","Мне хватает английского, я думаю.","3-4 часа в неделю"
"2025/04/04 1:44:42 PM GMT+5","ж","","да","Да, они улучшают память и развивают воображение ","да","Китайский ","1-2 часа в неделю"
"2025/04/04 1:45:43 PM GMT+5","м","14-19","да","Да","да","Английский ","3-4 часа в неделю"
"2025/04/04 2:03:39 PM GMT+5","м","14-19","да","Да, т.к повышает ум и коммуникации","да","Немецкий","3-4 часа в неделю"
"2025/04/04 4:00:47 PM GMT+5","ж","14-19","да","Да","да","Испанский","3-4 часа в неделю"
"2025/04/04 4:01:45 PM GMT+5","ж","14-19","да","Да","да","Европейские","5-6 часов в неделю"
"2025/04/04 5:08:22 PM GMT+5","ж","14-19","да","Да","да","Чешский ","3-4 часа в неделю"
"2025/04/04 8:52:44 PM GMT+5","ж","14-19","да","Я считаю что важно , для коммуникации ","нет","Английский , французский ","3-4 часа в неделю"